Claim_id,Claim_id_old,Claim_text,Theme,Annotated,RAG,CARAG,CARAG_U
1,1,New Zealand has a carbon trading system,Climate,"The claim that New Zealand has a carbon trading system is supported by the evidence. New Zealand has implemented a carbon trading system, with a number of other countries also having implemented similar systems at a national or sub-national level.",The claim that New Zealand has a carbon trading system is not supported by the evidence provided. The survey cited in the evidence does not mention anything about New Zealand having a carbon trading system.,"The claim is supported by the evidence. According to the survey's authors, parental hesitancy regarding COVID-19 vaccination is highest in Bangladesh (42.8 per cent), Taiwan (10.8 per cent), and Vietnam (11.8 per cent). These findings are supported by other studies that have reported similar results, indicating that parental hesitancy is a significant issue in these countries.","The claim is not supported by the evidence provided. While the survey's authors cited other studies that noted parental hesitancy in Bangladesh, Taiwan, and Vietnam, there is no evidence in the provided evidence that New Zealand has a carbon trading system."
5,5,The EU Emisson tradding schem (ETS) was launched in 2005,Climate,"The claim is supported by the evidence. The EU Emissions Trading System (ETS) was indeed launched in 2005, as evidenced by the data set provided, which includes information on auctions of allowances and EEA estimates of ETS emissions for the period 2005 to 2012.",The claim is not supported by the evidence. The evidence provided does not mention the EU Emission Trading Scheme (ETS) or its launch date of 2005. The evidence also does not provide any information related to long COVID or its underlying cause.,"The claim is supported by the evidence as the EU Emission Trading Scheme (ETS) was indeed launched in 2005, as stated in the Evidence. Additionally, the scheme forms part of the UK government's ambition to achieve net zero emissions by 2050, which further supports the claim.","The claim is supported by the evidence as the Emission Trading Scheme (ETS) was indeed launched in 2005, as evidenced by its inclusion in the UK government's net zero emissions ambition by 2050 and its impact on Welsh emissions. The evidence also highlights the importance of the ETS in raising funds for the UK Treasury."
10,10,The EU Emisson tradding schem (ETS) was launched in 2014,Climate,"Conclusion: The claim is not supported by the evidence. The EU Emissions Trading Scheme (ETS) was established in 2005 and has been in place since then, not in 2014. The evidence provided mentions the scheme being in place since 2005 and includes 1,000 industrial companies in France, which suggests that the claim is incorrect.","The Claim ""The EU Emission Trading Scheme (ETS) was launched in 2014"" is supported by the evidence provided, which states that the scheme was launched in 2014.","The claim is supported by the evidence as the Emission Trading Scheme (ETS) was indeed launched in 2014 and it forms part of the UK government's ambition to achieve net zero emissions by 2050. Additionally, the ETS covers a significant proportion of Welsh emissions and raises millions of pounds for the UK Treasury, as evidenced by the statement that global businesses are increasingly familiar with the prospect of short-notice public investigatory attention.","The ETS forms part of the UK government's ambition to achieve net zero emissions by 2050, raises hundreds of millions of pounds for the UK Treasury, and covers just under half of all Welsh emissions. However, the evidence does not directly support the claim as the EU ETS was actually launched in 2005, not 2014."
15,15,The EU Emission trading schemes aim to increase the amount of co2 being produced by participating countries.,Climate,"The claim is not supported by the evidence. While proponents of cap and trade argue that it is a palatable alternative to a carbon tax, the evidence suggests that the EU Emission trading schemes have actually led to a decrease in the amount of CO2 being produced by participating countries.",The claim that the EU Emission trading schemes aim to increase the amount of CO2 being produced by participating countries is not supported by the evidence. The post-mortem on the body of Ms Kerry and other studies cited by the survey's authors do not indicate an increase in CO2 production.,"The evidence provided does not support the claim as it does not mention anything about the EU Emission trading schemes. The evidence provided is related to the COVID-19 vaccination rate and the potential consequences of low vaccination rates, which has no relation to the EU Emission trading schemes.","The claim is not supported by the evidence. While the EU Emission Trading Scheme (ETS) aims to reduce greenhouse gas emissions, the scheme actually increases the amount of CO2 being produced by participating countries. The evidence provided suggests that the scheme has led to an increase in emissions, rather than a decrease."
20,20,The EU is aiming to half shipping emissions by 2050,Climate,"The claim is supported by the evidence. The EU has set a target of reducing shipping emissions by at least 55% by 2030 and has proposed adding shipping to the Emissions Trading Scheme (ETS) to achieve this goal. The IMO has also pledged to cut emissions in half by 2050, which aligns with the EU's target.","The claim is supported by the evidence as the EU's greenhouse gas trading scheme is a part of its ambition to reduce emissions by 55% by 2030 and 100% by 2050. This aligns with the UK government's net zero emissions target by 2050, which includes shipping emissions."," The evidence supports the claim as the EU's carbon market is a key component of the EU's plan to reduce emissions, including those from shipping. The market is expected to play a crucial role in reducing emissions from the transport sector, which is a significant contributor to greenhouse gas emissions.","The claim that the EU is aiming to half shipping emissions by 2050 is supported by the evidence provided. The European Union's Emissions Trading System (ETS) is a key component of the EU's climate policy, and it aims to reduce greenhouse gas emissions from the transport sector, including shipping, by 50% by 2050."
25,25,The New Zealand Green Party implemented a windfall tax,Climate,"The claim is supported by the evidence. The Green Party of New Zealand has indeed proposed an excess profits tax, as evidenced by the release of a discussion document on the matter. This document highlights the significant increase in corporate profits and the relatively low corporate tax take, suggesting that a windfall tax could be a means of redistributing wealth and addressing environmental issues.","The claim that the New Zealand Green Party implemented a windfall tax is not supported by the evidence provided. The evidence provided only mentions the grand-father BA.2.75 and parental hesitancy in different countries, but does not mention any windfall tax implemented by the New Zealand Green Party.","The claim is supported by the evidence. According to the evidence, the New Zealand Green Party implemented a windfall tax on oil companies to fund renewable energy projects. This supports the claim that the Green Party implemented a windfall tax.","The evidence does not support the claim as it refers to the UK government's ambition to achieve net zero emissions, not the New Zealand Green Party implementing a windfall tax. The evidence provided is related to the UK's carbon market and its ambition to reduce emissions, but does not mention any specific policy implementation in New Zealand."
30,30,The European Uninon ETS reduced emissions by aproximatly 210 million toones between 2005 and 2007,Climate,"The claim is supported by the evidence as the study conducted shows that between 2005 and 2007, the ETS reduced emissions by approximately 210 million tonnes across Europe, which is in line with the claim made. The reduction in emissions of 11.4% from 2005 to 2020, as stated in the evidence, further supports the claim that the ETS has been effective in reducing greenhouse gas emissions.","The Claim is supported by the Evidence as the study mentioned in the Evidence found that approximately 5% of global Covid-19 survivors have developed long-lasting taste and smell problems, which is consistent with the Claim of a reduction in emissions. The Evidence also mentions that some people are more likely to develop long Covid, which supports the Claim that the European Union Emissions Trading System (ETS) reduced emissions by approximately 210 million tones between 2005 and 2007.","The claim that the European Union Emissions Trading System (ETS) reduced emissions by approximately 210 million tonnes between 2005 and 2007 is supported by the evidence. According to the UK government's ambition to achieve net zero emissions by 2050, the ETS forms part of their strategy to reduce emissions.","The claim that the European Union Emissions Trading System (ETS) reduced emissions by approximately 210 million tonnes between 2005 and 2007 is supported by the evidence. According to the UK government's ambition to achieve net zero emissions by 2050, the ETS forms part of the plan, indicating its success in reducing emissions."
35,35,China has an emissions tradding scheme,Climate,"The claim is supported by the evidence. China's national carbon-emission trading scheme (ETS) is already the world's largest carbon market, and the negotiating teams of the Council and the European Parliament have agreed on stricter targets for the sharing of efforts to reduce pollutant emissions by 2030 for sectors such as road transport or agriculture that are not covered by the European emissions trading system (ETS).","The claim that China has an emissions trading scheme is supported by the evidence provided. According to the survey's authors, other studies have noted parental hesitancy in Bangladesh, Taiwan, and Vietnam, which suggests that the issue of low vaccination rates is not unique to China.","The claim is supported by the evidence as the UK has indeed implemented a carbon market to reduce emissions, and the country has set a target of a 10% reduction below 2017 biogenic methane levels under its climate change law. Additionally, the evidence mentions that electric vehicles can be charged at a heavily subsidized electricity tariff, which further supports the claim.","The claim is supported by the evidence as China does have an emissions trading scheme, and it has set a domestic target of a 2030 reduction in biogenic methane levels under its climate change law. However, the evidence also highlights that there are parental hesitancy in other countries, which may impact the effectiveness of the emissions trading scheme."
40,40,"Over 40,000 people will be attending cop 29",Climate,"The claim is supported by the evidence as President William Ruto's statement indicates a significant number of people attending COP2027, which is in line with the estimate provided in the claim. However, without further information on the methodology used to arrive at the estimate, it is unclear whether the actual number of attendees will exceed 40,000.","The claim is not supported by the evidence. The evidence provided suggests that the number of people attending COP29 will be over 40,000, but it does not provide any information about the distance or duration of their journey. Additionally, the evidence regarding long Covid is inconclusive and lacks information about how best to treat it, which contradicts the claim that over 40,000 people will be attending an event.","The claim that over 40,000 people will be attending COP 29 is not supported by the evidence provided. The evidence states that it would take two weeks to travel from Israel to Qatar by ferry, which would have missed Wales' first match, and also highlights the limitations of the ETS scheme in addressing emissions from agriculture.","The claim is not supported by the evidence provided. The distance between Israel and Qatar is approximately 1,500 miles, which would take several days to travel by car, even with a ferry journey. This means that it would be highly unlikely for over 40,000 people to attend Cop 29, as the journey would take too long and would result in missing important events such as Wales' first match."
59,36,The public is unconcerned about a climate emergency,Climate,"The claim is supported by the evidence as the UK government has pledged to take action to address the climate emergency and the UN has set a target of avoiding the worst consequences of climate change by limiting global warming to 1.5 degrees Celsius. The evidence also highlights the recent protests in China and New Zealand, which demonstrate public concern about climate change and the need for urgent action.","The claim is not supported by the evidence. While the evidence mentions the potential negative impact of climate change on the car making industry, it does not suggest that the public is unconcerned about a climate emergency. In fact, the evidence highlights the growing demand for electric vehicles (EVs) and the discussions among officials to address perceived unfair policies regarding EVs produced outside North America, indicating that there is a growing awareness and concern about climate change.","The claim is not supported by the evidence. The evidence provided suggests that the UK government's ambition to achieve net zero emissions by 2050 and the greenhouse gas trading scheme are aimed at reducing emissions, not at eliminating the country's car making industry. In fact, the evidence highlights the potential for the industry to be reliant on imports from other big producers such as China, the US, and Europe, which have raced ahead with big state subsidies.","The claim is not supported by the evidence. While the evidence mentions the potential impact of the greenhouse gas trading scheme on the UK's car making industry, it does not suggest that the public is unconcerned about a climate emergency. In fact, the evidence highlights the importance of addressing climate change through various means, including the inclusion of maritime shipping in European emissions trading and the creation of an innovation fund for more sustainable shipping and the protection of maritime habitats."
119,75,SK bioscience made a covid-19 vaccine,Covid,"The claim is supported by the evidence as SK bioscience has indeed temporarily halted the production of its COVID-19 vaccine, SKY Covione, and the reason cited is to meet demands upon approval of international health agencies. This suggests that the vaccine is being produced and distributed for use in the global market, which is consistent with the claim made in the Evidence.","The claim is not supported by the evidence. While the evidence mentions that SK bioscience made a COVID-19 vaccine, it does not provide any information on how they drove back to Israel and got a ferry around the Middle East to Qatar, which is required to support the claim that they drove back to Israel. Therefore, the claim is not supported by the evidence provided.","Explanation: The evidence provided does not support the claim that SK bioscience made a COVID-19 vaccine. While there is evidence of a significant number of people experiencing long COVID, there is no mention of SK bioscience or any other company developing a vaccine for the disease.","The claim is not supported by the evidence provided. While the evidence mentions that locals can receive both the Influenza and COVID vaccines at the same time, it does not provide any direct evidence that SK bioscience has developed a COVID-19 vaccine. Additionally, the lab tests mentioned in the evidence do not provide any conclusive evidence that the vaccine is effective at dodging immunity."
144,100,A combined COVID-flu vaccine is being developed,Covid,"Explanation: The claim is supported by the evidence as both Pfizer-BioNTech and Moderna are actively developing and testing combined COVID-flu vaccines. These vaccines are made possible through advancements in mRNA technology, which allows for the development of universal flu vaccines.","The claim is supported by the evidence as the post-mortem on Ms Kerry's body was inconclusive in establishing the cause of her death, which suggests that there may be a new vaccine in development that combines COVID-flu vaccines. The evidence also supports the statement by Amiji that a combined COVID-flu vaccine will be widely disseminated as it will only require one injection instead of two.","The claim that a combined COVID-flu vaccine is being developed is supported by the evidence provided. The quote from Dr. Amiji suggests that the development of a combined vaccine is underway, and the statement from Loeb suggests that the bivalent booster, which targets the omicron strain of COVID-19, has not been widely disseminated.","The claim is supported by the evidence. The development of a combined COVID-flu vaccine aims to reduce the number of injections needed for individuals, making vaccination more convenient and efficient. This aligns with the evidence provided, which mentions the potential for a single injection to protect against both flu and COVID-19."
124,125,Maori over 40 twice as likely to die from covid-19,Covid,"The claim that Maori over 40 are twice as likely to die from Covid-19 is supported by the evidence provided. According to the Ministry of Health data, Māori and Pacific people over the age of 40 are at greater risk of severe health outcomes from Covid-19, including death, compared to non-Māori, non-Pacific populations.","The claim that Maori over 40 are twice as likely to die from Covid-19 is not supported by the evidence provided. The survey cited in the evidence does not provide data on the age group of individuals who died from Covid-19, and other studies cited in the evidence note parental hesitancy in different countries, but do not provide data on the age group of individuals who died from Covid-19.","The claim is supported by the evidence as the scientific community is still trying to understand the underlying cause of long Covid, which suggests that there may be multiple factors contributing to the condition. Additionally, public health officials are taking steps to prepare for any influenza season to prevent deaths in vulnerable populations, which further supports the claim.","The claim is not supported by the evidence. Although the article mentions that Maori over 40 are twice as likely to die from COVID-19, it does not provide any specific data or statistics to support this claim."
149,150,Covid Vaccine is not Safe for Children,Covid,"The claim is not supported by the evidence provided. The evidence shows that vaccines are generally safe, and extending the interval between doses minimizes the risk of vaccine-induced myocarditis. Studies have also looked at side effects in infants, and while fevers and loss of appetite were recorded, there were no reports of death.","The claim that the Covid vaccine is not safe for children is not supported by the evidence provided. The study cited in the evidence does not assess the vaccine's protection against serious consequences including hospitalization and death, which undermines the claim that the vaccine is not safe for children.","The claim that the Covid vaccine is not safe for children is not supported by the evidence provided. The study cited in the evidence only assessed the safety of the vaccine in a small group of children for a short period of time, and did not provide enough information to determine if the vaccine offers protection against serious consequences such as hospitalization and death.","The claim that the Covid vaccine is not safe for children is not supported by the evidence provided. The study cited in the evidence only assessed the vaccine's effectiveness against mild and moderate illness, and did not assess its protection against serious consequences such as hospitalization and death."
199,200,Pediatricians won't have to pay for COVID-19 vaccines once funding is stopped,Covid,"The claim that pediatricians won't have to pay for COVID-19 vaccines once funding is stopped is supported by the evidence provided. According to the article, federal funding for COVID-19 vaccines is running out, and once it steps away, COVID vaccination will be privatized, requiring doctors to pay for vaccine doses upfront and hope to make their money back.","The claim is not supported by the evidence. While the article mentions that Denmark is stopping funding for COVID-19 vaccines, it does not mention anything about pediatricians not having to pay for the vaccines once funding is stopped. In fact, the article states that the funding stop will enable Denmark to mitigate the economic impact of the war in Ukraine and the liquidity shortages, which suggests that the government may be looking to allocate resources elsewhere rather than providing free vaccines to pediatricians.","The claim is supported by the evidence as the statement from the executive vice president in charge of competition policy, Margarethe Vestager, confirms that the funding for COVID-19 vaccines will be stopped, which will likely result in pediatricians not having to pay for the vaccines. This aligns with the statement from Amiji that locals can receive both the Influenza and COVID vaccines at the same time, indicating that the vaccines will be widely disseminated after the funding is stopped.","The claim is not supported by the evidence. While it is true that some countries have implemented policies allowing individuals to receive both the influenza and COVID-19 vaccines at the same time, there is no evidence to suggest that pediatricians will not have to pay for COVID-19 vaccines once funding is stopped. In fact, many countries continue to provide funding for COVID-19 vaccines, and it is unlikely that funding will be completely stopped in the near future."
224,225,XBB variant caused a wave of infections in Singapore,Covid,"The claim is supported by the evidence. According to the Centers for Disease Control and Prevention (CDC), XBB is a rare strain that has been detected in the US and is considered to be the most vaccine-resistant strain ever. Singapore also experienced a sudden surge in infections caused by the XBB variant.","The Claim ""XBB variant caused a wave of infections in Singapore"" is supported by the evidence provided. The evidence states that scientists do not understand the underlying cause of long Covid yet, and there is a growing consensus that it is likely several distinct conditions and not a single disease. This suggests that the XBB variant, which is a new strain of the virus that has been identified in Singapore, could be one of the underlying causes of the recent wave of infections in the country.","The claim is not supported by the evidence. While the evidence mentions that scientists do not understand the underlying cause of long Covid, it does not provide any information on the XBB variant causing a wave of infections in Singapore. Therefore, the claim is not supported by the provided evidence.","The claim is supported by the evidence as the scientific consensus suggests that long Covid is likely caused by several distinct conditions rather than a single disease, and the updated bivalent boosters are expected to improve protection by improving the immune system. However, the claim does not provide specific data on the prevalence of XBB variant in Singapore."
249,250,Novavax made a Covid-19 vaccine,Covid,"Not Supported: The claim that Novavax made a Covid-19 vaccine is not supported by the evidence provided. The evidence only mentions that Novavax is one of the vaccines available as a booster dose, but it does not provide any information about Novavax developing a Covid-19 vaccine.","The claim is not supported by the evidence. While the evidence does indicate that Novavax made a COVID-19 vaccine, it does not provide any information about the company's emissions or financial contributions to the UK Treasury. Therefore, the claim that Novavax raises hundreds of millions of pounds from Wales for the UK Treasury and that they could drive back to Israel and get a ferry around the middle east to Qatar is not supported by the evidence provided.","The claim that Novavax made a Covid-19 vaccine is supported by the evidence provided, as it states that the vaccine covers just under half of all Welsh emissions, indicating its effectiveness in reducing the spread of the virus. Additionally, the evidence mentions that the vaccine raises hundreds of millions of pounds from Wales for the UK Treasury, further supporting the claim that Novavax has developed a successful Covid-19 vaccine.","The evidence does not support the claim that Novavax made a Covid-19 vaccine. The evidence provided states that only 4 percent of eligible people are fully boosted, which suggests that a vaccine has not been widely distributed or administered. Additionally, the inquest into the death of an elderly Longford woman mentioned in the evidence does not provide any information about a Covid-19"
274,275,Guangdong wasn't part of China's trial Emission Tradding Schemes,Covid,"Conclusion: The claim is supported by the evidence. According to the evidence provided, Guangdong was not part of China's trial Emission Trading Schemes in 2013, as Tianjin was the only province that had begun carbon trading at that time.","The claim is not supported by the evidence. The evidence provided does not account for the emissions released in drilling, refining, and transporting fuel, which is a significant portion of emissions. Therefore, the claim that Guangdong wasn't part of China's trial Emission Trading Schemes is not accurate.","The claim is not supported by the evidence. The evidence only mentions the percentage of eligible people fully boosted, but does not provide any information about the number of people who may die needlessly.","The claim is not supported by the evidence. While the evidence does mention the limitations of the scheme, it does not argue that Guangdong was not part of China's trial emission trading schemes. In fact, the evidence states that Guangdong is part of China's trial emission trading scheme."
299,300,Canada is a member of the EU23,Covid,"The claim is not supported by the evidence. Although Qubec does have a carbon reduction scheme, it is not part of the EU23 and is not connected to Canada's carbon reduction efforts.","The claim that Canada is a member of the EU23 is not supported by the evidence provided. The evidence mentions the impact of the COVID-19 pandemic on the country's car manufacturing industry and the low percentage of eligible people who have received the COVID-19 booster shot, which have no relation to Canada's membership in the EU23. Therefore, the claim is false.","The claim that Canada is a member of the EU23 is not supported by the evidence provided. The article from NPR and Al Jazeera discusses the current state of COVID-19 cases in the United States and the fears of experts regarding the low vaccination rates, but there is no mention of Canada or its membership in the EU23. Therefore, the claim is not supported by the evidence provided.","The claim is not supported by the evidence. Although the evidence mentions the UK government's ambition to achieve net zero emissions by 2050 and the existence of a carbon market, it does not provide any concrete evidence to support the claim that Canada is a member of the EU23."
300,301,Canada is a member of the EU24,Covid,"My answer: The claim is not supported by the evidence. While Canada's CO2 emissions did surpass those of the US in 2007 and those of the EU27 and the UK combined in 2012, it is not a member of the EU24. Therefore, the claim that Canada is a member of the EU24 is false.","The claim is not supported by the evidence. While the evidence does mention the price of BMW-branded cars and the number of vehicles sold, it does not provide any information about Canada's membership in the EU24. Therefore, the claim is baseless and lacks supporting evidence.","The claim is not supported by the evidence. The evidence provided shows that COVID cases are ticking up nationwide and nearly 3,000 Americans are dying each week, which contradicts the claim that Canada is a member of the EU24. Additionally, the evidence does not mention anything about Canada's membership in the EU24.","The claim is not supported by the evidence. While the evidence mentions that Canada has reduced customs tariffs on certain imported vehicles, including electric vehicles, until March 31, 2023, it does not mention anything about Canada being a member of the EU24. Additionally, the evidence does not provide any information about Canada's membership in the EU24. Therefore, the claim is not supported by the evidence provided."
304,305,"The sale of Plug-in Hybrid Electric Vehicles (PHEV) is on a rise globally, with different powertrain options like Series Hybrid, Parallel Hybrid and Combined Hybrid being analyzed for annual sales in various countries including the USA, Canada, France, Germany, Italy, UK, Japan, and others, as covered from 2012 through projected sales up to 2027.",Electric_Vehicles,"The given table provides data on the global sales of Plug-in Hybrid Electric Vehicles (PHEV) from 2012 to 2027, with a focus on different powertrain options like Series Hybrid, Parallel Hybrid, and Combined Hybrid. The table includes annual sales data in US$ million for various countries such as the USA, Canada, Japan, China, Europe, Asia-Pacific, and Rest of World. The data is also provided in percentage terms for the years 2012, 2021, and 2027. ","The claim that the sale of Plug-in Hybrid Electric Vehicles (PHEV) is on the rise globally is supported by the evidence, as annual sales in various countries including the USA, Canada, France, Germany, Italy, UK, Japan, and others have been analyzed from 2012 through projected sales up to 2027. The evidence shows a steady increase in PHEV sales from 2012 to 2027, indicating a rising trend.","The claim is not supported by the evidence. While there may be an increase in sales of Plug-in Hybrid Electric Vehicles (PHEV) globally, the evidence does not account for the emissions released during the production and transportation of fuel, and also notes a decline in sales in recent years.","The claim is supported by the evidence as the evidence shows an increase in the sale of Plug-in Hybrid Electric Vehicles (PHEV) globally, which is consistent with the claim. However, the evidence does not take into account the emissions released in the fuel production process, which could negate the benefits of PHEVs."
309,310,"While electric cars offer fuel savings and potentially significant tax breaks, it's important to consider factors such as the source of your electricity and the environmental impact of batteries and non-local emissions before deciding if they are the right choice for you.",Electric_Vehicles,"The claim is supported by the evidence as the article mentions that the source of electricity used to charge electric cars can impact their environmental impact, and that the environmental impact of batteries and non-local emissions should also be considered when deciding if an electric car is the right choice. The article also provides information on tax breaks for electric cars, which is another benefit of owning one.","The claim is supported by the evidence as the article from The New York Times explains that the Biden administration is taking steps to protect the President and his staff from the virus, and the scientific study suggests that the new variant is better at dodging immunity than other strains.","The claim is supported by the evidence as the article highlights the challenges faced by electric vehicles in Rwanda, including uneven road infrastructure and height of speed-bumps, which can affect their performance. Additionally, the article mentions the development of mRNA vaccines by China, which could potentially impact the environmental impact of batteries and non-local emissions.","The claim is not supported by the evidence. While the evidence does mention the importance of considering factors such as the source of electricity and the environmental impact of batteries, it does not provide any information on the environmental impact of non-local emissions. Therefore, the claim that the source of non-local emissions should be considered when deciding if electric cars are the right choice is not supported by the evidence."
314,315,"Morgan Stanley predicts a potential 81% increase in a Tesla-supplying global battery material stock, while a Chinese electric carmaker's stock could rise over 260% according to Citi, and Britishvolt continues to seek investment for a gigafactory in Northumberland, England despite economic challenges.",Electric_Vehicles,"Unsupported: However, the claim that Britishvolt continues to seek investment for a gigafactory in Northumberland, England despite economic challenges is not fully supported by the evidence provided. While it is true that Britishvolt has secured short-term funding to stave off administration, there is no mention of the company actively seeking investment for a gigafactory.","The claim is not supported by the evidence. While the evidence does suggest that some individuals have experienced long-lasting taste and smell problems after recovering from Covid-19, it does not provide any information on the potential increase in a Tesla-supplying global battery material stock or the stock rise of a Chinese electric carmaker.","The claim is not supported by the evidence. While there may be some potential for growth in the global battery material stock and certain electric carmakers, the uneven distribution of charging infrastructure and ongoing supply issues pose significant challenges to the adoption of electric vehicles. Additionally, the rise of SUVs has largely negated the benefits of increased fuel efficiency and EV ownership in the US, highlighting the need for more comprehensive solutions to address transportation emissions.","The claim is not supported by the evidence provided. While there may be predictions of an increase in battery material stock and electric carmaker stock, the evidence highlights the challenges in charging infrastructure and sales, which could hinder the growth of the electric vehicle industry."
319,320,"India's electric vehicle revolution in the last decade, particularly in Delhi and several northern states, is characterized by the rapid and largely unregulated growth of e-rickshaws, leading to increased competition, but also seen as a cost-effective, green mobility solution that helps reduce carbon emissions.",Electric_Vehicles,"The claim is supported by the evidence as the article highlights the rapid growth of e-rickshaws in Delhi and other northern states of India over the last decade, which has led to increased competition among drivers, while also providing a cost-effective and green mobility solution that helps reduce carbon emissions. The article also mentions that the Indian government views the steep rise in low-cost electric vehicles as a key tool in the country's fight to reduce carbon emissions, further supporting the claim.","The claim that India's electric vehicle revolution in the last decade, particularly in Delhi and several northern states, is characterized by the rapid and largely unregulated growth of e-rickshaws, leading to increased competition, but also seen as a cost-effective, green mobility solution that helps reduce carbon emissions, is supported by the evidence provided. The post-mortem examination of Ms Kerry's body was inconclusive in establishing the cause of her death, which does not provide any evidence to contradict the claim.","The claim is supported by the evidence as the rapid growth of e-rickshaws in India, particularly in Delhi and northern states, has led to increased competition and recognition as a cost-effective, green mobility solution. The evidence highlights the emissions released in various stages of fuel production, which are not considered in the claim, indicating that the claim is supported by the evidence.","The claim that India's electric vehicle revolution in the last decade, particularly in Delhi and several northern states, is characterized by the rapid and largely unregulated growth of e-rickshaws, leading to increased competition, but also seen as a cost-effective, green mobility solution that helps reduce carbon emissions, is supported by the evidence. The rapid growth of e-rickshaws in India is evident from the fact that the number of e-rickshaws in Delhi increased from 10,000 in 2010 to over 100,000 in 2020, and the competition in the market has led to a decrease in prices, making it a cost-effective option for commuters."
324,325,"The ongoing conflict between automakers and parts suppliers over the direction of the industry, with automakers requesting more flexibility and suppliers arguing against it, has led to market instability, as evidenced by the 97 percent decrease in share prices since August 2021.",Electric_Vehicles,"The claim is not supported by the evidence. Although the conflict between automakers and suppliers has led to market instability, the 97 percent decrease in share prices since August 2021 is not directly related to the conflict. Other factors such as global economic uncertainty and the ongoing shift towards electric vehicles may have contributed to the decline in share prices.","The claim is not supported by the evidence. The evidence provided states that there was a 97 percent decrease in share prices since August 2021, but it does not provide any information about the market instability that the claim suggests. In fact, the evidence suggests that the market has been experiencing significant volatility, with share prices fluctuating widely over the past few months.","The claim is not supported by the evidence. While there has been a 97% decrease in share prices since August 2021, this decrease is not necessarily indicative of market instability. In fact, the decline in share prices could be due to various other factors such as a global economic slowdown or a shift in investor sentiment.","The claim is not supported by the evidence. While the claim mentions a 97 percent decrease in share prices since August 2021, the provided evidence only suggests a potential increase in deaths due to a lack of vaccination, not market instability. Therefore, the claim is not supported by the provided evidence."
329,330,Can businesses receive a double tax break for purchasing electric vehicles for both personal and commercial use?,Electric_Vehicles,"The claim is supported by the evidence as the ""credit for qualified commercial clean vehicles"" allows businesses to receive a tax break for buying electric vehicles or electric mobile machinery for commercial purposes, without the requirements of the ""credit for qualified plug-in electric vehicles"" for personal use. Therefore, businesses can potentially receive a double tax break for purchasing electric vehicles for both personal and commercial use.","The claim is supported by the evidence. According to the evidence provided, only 4% of eligible people were fully boosted, which suggests that many people may not be taking advantage of the tax breaks for purchasing electric vehicles for both personal and commercial use.","The claim that businesses can receive a double tax break for purchasing electric vehicles for both personal and commercial use is supported by the evidence. According to the Ministry of Finance, there is a tax incentive for businesses that purchase electric vehicles, which can be used for both personal and commercial use, resulting in a double tax break.","The claim is supported by the evidence. The reduction in customs tariffs on battery electric vehicles until March 31, 2023, as reported by Xinhua news agency, suggests that businesses may be able to receive a double tax break for purchasing electric vehicles for both personal and commercial use. Additionally, the fact that electric vehicles can be charged at a heavily subsidized electricity tariff further supports the claim."
334,335,"The Leaf motor, rated at 147 horsepower and 236 pound-feet of torque, offers twice the power and three times the torque of the traditional gasoline engine in the Sunny, while Stellantis' division, Mopar, demonstrated the potential for EV conversion kits in vintage Jeeps through the battery-powered, open-body Jeep CJ Surge concept.",Electric_Vehicles,"The Claim is supported by the evidence. The Leaf motor's rated power and torque are indeed higher than the original gasoline engine in the Sunny, and Mopar's demonstration of an EV conversion kit for vintage Jeeps through the battery-powered Jeep CJ Surge concept is evidence of the potential for such kits.","The claim is not supported by the evidence. While the Leaf motor does offer more power and torque than a traditional gasoline engine, the evidence does not demonstrate that it offers twice the power and three times the torque of the Sunny. Additionally, the demonstration of EV conversion kits in vintage Jeeps through the battery-powered, open-body Jeep CJ Surge concept does not directly support the claim.","The claim is not supported by the evidence. While the Leaf motor may offer more power and torque than a traditional gasoline engine, the evidence does not provide any specific data or comparisons to support this claim. Additionally, the mention of EV conversion kits for vintage Jeeps does not directly relate to the power and torque of the Leaf motor.","The claim that the Leaf motor offers twice the power and three times the torque of the traditional gasoline engine in the Sunny, while Stellantis' division, Mopar, demonstrated the potential for EV conversion kits in vintage Jeeps through the battery-powered, open-body Jeep CJ Surge concept is supported by the evidence. The evidence provided includes the power and torque ratings of the Leaf motor, as well as the demonstration of EV conversion kits in vintage Jeeps, which suggests that the Leaf motor offers significantly more power and torque than a traditional gasoline engine."
339,340,Electric Cars aren't the only low-carbon transport option,Electric_Vehicles,"Explanation: The claim is supported by the evidence. While electric cars are a low-carbon transport option, e-bikes are also a viable alternative for shorter distances, particularly in urban areas where parking is limited and expensive.","The claim is not supported by the evidence. While the evidence mentions the possibility of taking a ferry to Qatar, it does not provide any information on the duration of the journey or the feasibility of taking a ferry around the Middle East. Additionally, the evidence does not provide any information on the low-carbon transport options available in Israel or how they could be used to travel to Qatar.","The Claim is not supported by the Evidence. The Evidence does not take into account the emissions released during the production of fuel, which would be a crucial factor in determining the overall carbon footprint of transportation. Additionally, the rise of SUVs has largely negated the benefits of increased fuel efficiency and EV ownership, indicating that electric cars are not the only low-carbon transport option.","The evidence provided does not support the claim as it fails to account for the emissions associated with the production and transportation of fossil fuels. In fact, a study by the Union of Concerned Scientists found that the production of electricity used to charge electric vehicles results in fewer emissions than the production and use of gasoline."
344,345,Britain's car industry has limited time to turn itself around before collapsing,Electric_Vehicles,The claim that Britain's car industry has limited time to turn itself around before collapsing is supported by the evidence provided. The evidence highlights the importance of building battery factories in Britain to replace assembly lines centred around internal combustion engines and secure a stake in the future electric car market.,"The claim is not supported by the evidence. While the evidence mentions the potential negative consequences of low vaccination rates, such as thousands of people dying needlessly, it does not provide any evidence that Britain's car industry has a limited time to turn itself around before collapsing. In fact, the evidence does not mention anything about the car industry at all. Therefore, the claim is not supported by the evidence provided.","The claim is not supported by the evidence. While the evidence mentions the decline of Britain's car industry and the potential loss of lives due to low vaccination rates, it does not provide any information about the industry's limited time to turn itself around before collapsing. In fact, the evidence suggests that the industry has been in decline for several years, and while there are efforts to revitalize it, the process is likely to take time and may not be successful in reversing the decline entirely.","The claim is not supported by the evidence provided. While the evidence mentions the decline of Britain's car industry and the potential for thousands of deaths due to low vaccination rates, it does not provide any evidence of a limited time frame for the industry to turn itself around before collapsing. In fact, the evidence suggests that the industry has been in decline for several years, and the situation is unlikely to improve in the near future."
349,350,Sony Honda Mobility President aims to dethrone Tesla,Electric_Vehicles,"The claim is supported by the evidence. According to the Sony Honda Mobility President, the company aims to dethrone Tesla by focusing on a premium entertainment experience, which is an area where Sony excels. By leveraging its content, services, and entertainment technologies, Sony Honda Mobility can differentiate itself from Tesla and attract customers who value a more immersive driving experience.","The claim is not supported by the evidence provided. The evidence suggests that the Sony Honda Mobility President is considering a two-week journey to Qatar, which would not be feasible for dethroning Tesla, a company that has established itself as a leader in the electric vehicle market.","Explanation: The evidence provided does not support the claim that Sony Honda Mobility President aims to dethrone Tesla. The evidence only highlights the challenges of traveling with an electric vehicle and the benefits of subsidized electricity tariffs for electric vehicles, but it does not provide any information about Sony Honda Mobility's plans or goals.","The claim is not supported by the evidence. While the president of Sony Honda Mobility may have ambitions to compete with Tesla, the evidence provided does not suggest any concrete plans or actions to achieve this goal. In fact, the evidence suggests that the president may be facing logistical challenges in their personal journey, which has nothing to do with their professional goals."
,,,,,,,